"Year","Species","Yield","Yield_base","Yield_opt"
1970,"AMERICAN PLAICE",7.723e+09,10292386552.5978,10292386552.5978
1971,"AMERICAN PLAICE",1.3756e+10,10824751994.7781,10824751994.7781
1972,"AMERICAN PLAICE",1.0087e+10,16564046127.9105,16564046127.9105
1973,"AMERICAN PLAICE",1.2093e+10,14573582415.9891,14573582415.9891
1974,"AMERICAN PLAICE",1.6314e+10,12735280237.8797,12735280237.8797
1975,"AMERICAN PLAICE",1.1451e+10,10137394087.1466,10137394087.1466
1976,"AMERICAN PLAICE",1.0838e+10,8913208136.33203,8913208136.33203
1977,"AMERICAN PLAICE",7.308e+09,2995289644.33001,2995289644.33001
1978,"AMERICAN PLAICE",6.244e+09,4747591241.65982,4747591241.65982
1979,"AMERICAN PLAICE",5.526e+09,5632135152.79885,5632135152.79885
1980,"AMERICAN PLAICE",6.891e+09,10470971287.5452,10470971287.5452
1981,"AMERICAN PLAICE",6.258e+09,8431814208.72833,8431814208.72833
1982,"AMERICAN PLAICE",5.32e+09,7657162177.99369,7657162177.99369
1983,"AMERICAN PLAICE",5.523e+09,7000311196.2225,7000311196.2225
1984,"AMERICAN PLAICE",5.793e+09,6432609916.07549,6432609916.07549
1985,"AMERICAN PLAICE",4.12e+09,6017833332.24028,6017833332.24028
1986,"AMERICAN PLAICE",3.09e+09,5796584685.74413,5796584685.74413
1987,"AMERICAN PLAICE",4.623e+09,6305418856.03887,6305418856.03887
1988,"AMERICAN PLAICE",3.087e+09,6414706918.40537,6155531065.254
1989,"AMERICAN PLAICE",3.365e+09,5828624582.545,5167984757.12228
1990,"AMERICAN PLAICE",1.965e+09,6042458791.95572,4779642992.80352
1991,"AMERICAN PLAICE",2.8e+08,6930005913.96691,4718320118.28529
1992,"AMERICAN PLAICE",5.26e+08,8166464694.49681,4608283343.07365
1993,"AMERICAN PLAICE",1.12e+08,1419021917.45919,638151926.455012
1994,"AMERICAN PLAICE",1.1e+08,34238042.1270344,11808344.9543402
1995,"AMERICAN PLAICE",3.59e+08,39989233.3791791,10265802.2820944
1996,"AMERICAN PLAICE",6.19e+08,34235014.1407245,6491034.21670442
1997,"AMERICAN PLAICE",9.48e+08,17643410.7722414,2577007.32436916
1998,"AMERICAN PLAICE",1.125e+09,30466821.5481614,3838752.9205327
1999,"AMERICAN PLAICE",1.189e+09,34359762.0921907,4316124.19443816
2000,"AMERICAN PLAICE",5.54e+08,29681472.6454792,4086504.46236041
2001,"AMERICAN PLAICE",2.84e+08,122827620.110061,18816421.1534736
2002,"AMERICAN PLAICE",2.22e+08,14849931.0705729,2429161.97377212
2003,"AMERICAN PLAICE",3.03e+08,7445227.295176,1216737.43927819
2004,"AMERICAN PLAICE",1.14e+08,NA,NA
2005,"AMERICAN PLAICE",1.21e+08,361103.685147085,48871.6584697533
2006,"AMERICAN PLAICE",1.69e+08,719105.666506625,84749.857656096
2007,"AMERICAN PLAICE",9.2e+07,1071804.59094171,111822.044255598
2008,"AMERICAN PLAICE",2.7e+07,797190.075561814,76419.4952191799
2009,"AMERICAN PLAICE",3e+06,526086.64006436,47958.4386593108
2010,"AMERICAN PLAICE",3e+06,259931.116779359,22936.6032379792
1970,"COD(ATLANTIC)",8.8377e+10,103771407713.248,103771407713.248
1971,"COD(ATLANTIC)",7.89e+10,153774833462.963,153774833462.963
1972,"COD(ATLANTIC)",9.6453e+10,19426386391.2337,19426386391.2337
1973,"COD(ATLANTIC)",8.472e+10,37918529812.6748,37918529812.6748
1974,"COD(ATLANTIC)",6.9892e+10,21827345118.037,21827345118.037
1975,"COD(ATLANTIC)",5.0133e+10,20697159150.2575,20697159150.2575
1976,"COD(ATLANTIC)",4.6179e+10,33011865186.5971,33011865186.5971
1977,"COD(ATLANTIC)",2.0994e+10,121197947442.981,121197947442.981
1978,"COD(ATLANTIC)",4.3393e+10,140071394037.907,140071394037.907
1979,"COD(ATLANTIC)",5.5705e+10,27989106592.9593,27989106592.9593
1980,"COD(ATLANTIC)",7.7919e+10,343978393972.03,343978393972.03
1981,"COD(ATLANTIC)",8.3411e+10,170879734990.246,170879734990.246
1982,"COD(ATLANTIC)",8.2862e+10,44770843210.2819,44770843210.2819
1983,"COD(ATLANTIC)",7.4865e+10,26579352528.0771,26579352528.0771
1984,"COD(ATLANTIC)",7.7817e+10,23660717817.7548,23660717817.7548
1985,"COD(ATLANTIC)",8.4268e+10,30260847424.9205,30260847424.9205
1986,"COD(ATLANTIC)",7.9092e+10,99528375194.9655,99528375194.9655
1987,"COD(ATLANTIC)",6.361e+10,5409288177.81796,5409288177.81796
1988,"COD(ATLANTIC)",5.4799e+10,18012309144.8127,17262851122.8087
1989,"COD(ATLANTIC)",5.3399e+10,75737448656.3453,67220804869.071
1990,"COD(ATLANTIC)",4.9675e+10,58310573442.3638,46594478719.6759
1991,"COD(ATLANTIC)",4.432e+10,80923130863.1116,56556198056.4364
1992,"COD(ATLANTIC)",4.1115e+10,101328463627.932,60402616596.2963
1993,"COD(ATLANTIC)",5.072e+09,17198859121.8136,8542445906.78322
1994,"COD(ATLANTIC)",5.54e+08,1515168694.43547,613633760.421717
1995,"COD(ATLANTIC)",3.33e+08,872267854.491772,286976335.757025
1996,"COD(ATLANTIC)",3.75e+08,3058783118.34731,822683848.404419
1997,"COD(ATLANTIC)",4.45e+08,2824788710.56358,628557728.696342
1998,"COD(ATLANTIC)",5.74e+08,2461515416.0947,458196764.953327
1999,"COD(ATLANTIC)",6.46e+08,2553583485.25893,397860877.257643
2000,"COD(ATLANTIC)",4.26e+08,2615350706.50747,336785445.363042
2001,"COD(ATLANTIC)",3.84e+08,5719842570.55684,596192834.374359
2002,"COD(ATLANTIC)",3.61e+08,700598052.375323,57788817.456642
2003,"COD(ATLANTIC)",2.16e+08,737140181.759447,47198529.7427332
2004,"COD(ATLANTIC)",2.8e+08,771349131.930968,37866966.9758209
2005,"COD(ATLANTIC)",2.81e+08,803434848.983025,30157334.6925272
2006,"COD(ATLANTIC)",2.77e+08,833650663.552652,24142233.2252022
2007,"COD(ATLANTIC)",2.12e+08,862223778.944816,19611675.5741729
2008,"COD(ATLANTIC)",1.88e+08,889344776.483713,16173743.5008372
2009,"COD(ATLANTIC)",1.02e+08,915172653.202175,13466841.3808112
2010,"COD(ATLANTIC)",8.6e+07,939839576.181251,11260721.88862
1970,"HERRING(ATLANTIC)",1.22622e+11,32253034096.932,32253034096.932
1971,"HERRING(ATLANTIC)",9.5366e+10,63404416468.1417,63404416468.1417
1972,"HERRING(ATLANTIC)",4.8275e+10,49912474331.306,49912474331.306
1973,"HERRING(ATLANTIC)",4.378e+10,40183928864.0702,40183928864.0702
1974,"HERRING(ATLANTIC)",5.1464e+10,55927699418.7518,55927699418.7518
1975,"HERRING(ATLANTIC)",4.4816e+10,54484124942.2048,54484124942.2048
1976,"HERRING(ATLANTIC)",4.4777e+10,29360873402.1623,29360873402.1623
1977,"HERRING(ATLANTIC)",2.9856e+10,35711789043.1098,35711789043.1098
1978,"HERRING(ATLANTIC)",3.0178e+10,23739363356.5947,23739363356.5947
1979,"HERRING(ATLANTIC)",6.375e+09,13307347152.1846,13307347152.1846
1980,"HERRING(ATLANTIC)",1.8076e+10,11640588730.2098,11640588730.2098
1981,"HERRING(ATLANTIC)",2.5937e+10,11995233427.4859,11995233427.4859
1982,"HERRING(ATLANTIC)",1.3523e+10,8120023086.20047,8120023086.20047
1983,"HERRING(ATLANTIC)",1.5255e+10,13318304638.0724,13318304638.0724
1984,"HERRING(ATLANTIC)",1.3168e+10,31635719026.8563,31635719026.8563
1985,"HERRING(ATLANTIC)",1.3131e+10,74738592317.9767,74738592317.9767
1986,"HERRING(ATLANTIC)",1.4328e+10,83899955124.2285,83899955124.2285
1987,"HERRING(ATLANTIC)",1.1704e+10,149148930419.964,149148930419.964
1988,"HERRING(ATLANTIC)",1.4108e+10,100507979868.365,96878908959.5355
1989,"HERRING(ATLANTIC)",1.4e+10,68996392717.6046,62418060313.7832
1990,"HERRING(ATLANTIC)",2.4435e+10,50497900575.6775,41962629951.3276
1991,"HERRING(ATLANTIC)",2.115e+10,49615584679.5921,37128709557.4209
1992,"HERRING(ATLANTIC)",1.705e+10,37035184571.6298,25104028689.8096
1993,"HERRING(ATLANTIC)",1.2329e+10,24293935010.2547,16514711089.3714
1994,"HERRING(ATLANTIC)",5.351e+09,15724138979.2067,14971884429.8827
1995,"HERRING(ATLANTIC)",7.982e+09,5935560364.89533,12024372316.3284
1996,"HERRING(ATLANTIC)",1.985e+10,1526400947.81003,7181195385.4318
1997,"HERRING(ATLANTIC)",2.6395e+10,1293755825.0827,12108064057.5156
1998,"HERRING(ATLANTIC)",9.423e+09,484243532.276171,7760428629.31475
1999,"HERRING(ATLANTIC)",1.3471e+10,793875620.57346,19535203371.455
2000,"HERRING(ATLANTIC)",4.78e+09,395078969.615152,13643104034.2588
2001,"HERRING(ATLANTIC)",7.974e+09,527093226.863308,23759566695.1064
2002,"HERRING(ATLANTIC)",1.2391e+10,316541390.519861,17797489015.3757
2003,"HERRING(ATLANTIC)",5.317e+09,73402845.2799441,5113982175.00309
2004,"HERRING(ATLANTIC)",9.893e+09,2141330.86710685,187387746.330182
2005,"HERRING(ATLANTIC)",9.035e+09,4288447.39635818,479617462.699061
2006,"HERRING(ATLANTIC)",1.317e+10,26220744.1972762,3781309360.29342
2007,"HERRING(ATLANTIC)",8.769e+09,3821074.65946235,714154786.98839
2008,"HERRING(ATLANTIC)",3.438e+09,15429832.0446645,3738732360.06924
2009,"HERRING(ATLANTIC)",1.5021e+10,43889519.3969032,13824889718.3038
2010,"HERRING(ATLANTIC)",9.874e+09,36427258.4895276,15286604499.7113
1970,"ATLANTIC HALIBUT",4.64e+08,878416.909896081,878416.909896081
1971,"ATLANTIC HALIBUT",5.91e+08,906439.29194535,906439.29194535
1972,"ATLANTIC HALIBUT",3.94e+08,860739.943060098,860739.943060098
1973,"ATLANTIC HALIBUT",3.73e+08,711511.168667007,711511.168667007
1974,"ATLANTIC HALIBUT",2.5e+08,419003.835049033,419003.835049033
1975,"ATLANTIC HALIBUT",2.74e+08,325304254.561168,325304254.561168
1976,"ATLANTIC HALIBUT",2.92e+08,1689610783.70061,1689610783.70061
1977,"ATLANTIC HALIBUT",2.65e+08,195529707.666623,195529707.666623
1978,"ATLANTIC HALIBUT",5.27e+08,459569435.523407,459569435.523407
1979,"ATLANTIC HALIBUT",5.88e+08,4550885106.53476,4550885106.53476
1980,"ATLANTIC HALIBUT",7.1e+08,4091699058.43311,4091699058.43311
1981,"ATLANTIC HALIBUT",6.29e+08,1782836917.18867,1782836917.18867
1982,"ATLANTIC HALIBUT",8.18e+08,1189352632.64742,1189352632.64742
1983,"ATLANTIC HALIBUT",9.65e+08,818503038.360496,818503038.360496
1984,"ATLANTIC HALIBUT",1.068e+09,1029720444.8919,1029720444.8919
1985,"ATLANTIC HALIBUT",1.226e+09,921688169.224982,921688169.224982
1986,"ATLANTIC HALIBUT",1.132e+09,526886390.700159,526886390.700159
1987,"ATLANTIC HALIBUT",6.99e+08,399625939.138306,399625939.138306
1988,"ATLANTIC HALIBUT",6.58e+08,506469249.753124,506966146.051087
1989,"ATLANTIC HALIBUT",7.15e+08,464051202.642788,467927785.588757
1990,"ATLANTIC HALIBUT",6.48e+08,408790855.592217,419789631.695262
1991,"ATLANTIC HALIBUT",6.01e+08,253916907.675994,268150901.27868
1992,"ATLANTIC HALIBUT",5.78e+08,212801781.325103,232821597.80385
1993,"ATLANTIC HALIBUT",4.91e+08,210703050.739354,240601459.061872
1994,"ATLANTIC HALIBUT",5.07e+08,105779354.370664,128159871.133953
1995,"ATLANTIC HALIBUT",3.37e+08,216800950.273443,287138572.889504
1996,"ATLANTIC HALIBUT",3.44e+08,300750939.583868,447787731.954252
1997,"ATLANTIC HALIBUT",3.84e+08,208042960.635596,357626479.310332
1998,"ATLANTIC HALIBUT",3.9e+08,20346450.8908347,41289275.3413283
1999,"ATLANTIC HALIBUT",3.76e+08,108787472.974495,262610296.267156
2000,"ATLANTIC HALIBUT",3.22e+08,43190333.134181,123194298.486074
2001,"ATLANTIC HALIBUT",4.97e+08,49882130.744306,167093665.109413
2002,"ATLANTIC HALIBUT",4.53e+08,51000745.3292673,199150771.866613
2003,"ATLANTIC HALIBUT",4.97e+08,26420105.3064084,119603171.854945
2004,"ATLANTIC HALIBUT",5.15e+08,8395114.07229258,43872193.0362245
2005,"ATLANTIC HALIBUT",4.43e+08,9373918.59789148,56327829.4190838
2006,"ATLANTIC HALIBUT",4.25e+08,10358937.4092648,71294051.7054639
2007,"ATLANTIC HALIBUT",4.85e+08,11345888.444597,89081537.9865751
2008,"ATLANTIC HALIBUT",5.06e+08,12331008.0043366,109980841.124251
2009,"ATLANTIC HALIBUT",6.07e+08,13311038.9717901,134247595.790491
2010,"ATLANTIC HALIBUT",6.73e+08,14283264.7658686,162098985.11145
1970,"REDFISH UNSEPARATED",2.7155e+10,2907389746.33192,2907389746.33192
1971,"REDFISH UNSEPARATED",5.0605e+10,1733277150.72789,1733277150.72789
1972,"REDFISH UNSEPARATED",4.1328e+10,321054915.015519,321054915.015519
1973,"REDFISH UNSEPARATED",3.3047e+10,35199159536.8344,35199159536.8344
1974,"REDFISH UNSEPARATED",2.6684e+10,67959840625.0338,67959840625.0338
1975,"REDFISH UNSEPARATED",2.4109e+10,11493245002.4793,11493245002.4793
1976,"REDFISH UNSEPARATED",1.3647e+10,14233215185.6525,14233215185.6525
1977,"REDFISH UNSEPARATED",1.462e+10,72349129100.112,72349129100.112
1978,"REDFISH UNSEPARATED",1.3414e+10,42640513900.3932,42640513900.3932
1979,"REDFISH UNSEPARATED",1.1633e+10,28813803559.9822,28813803559.9822
1980,"REDFISH UNSEPARATED",1.1765e+10,21164456716.121,21164456716.121
1981,"REDFISH UNSEPARATED",1.6491e+10,15775697908.8871,15775697908.8871
1982,"REDFISH UNSEPARATED",1.1745e+10,6269563150.0368,6269563150.0368
1983,"REDFISH UNSEPARATED",8.955e+09,8454817546.00263,8454817546.00263
1984,"REDFISH UNSEPARATED",6.284e+09,7370662795.15577,7370662795.15577
1985,"REDFISH UNSEPARATED",9.554e+09,4719319632.98836,4719319632.98836
1986,"REDFISH UNSEPARATED",7.622e+09,1730159487.46744,1730159487.46744
1987,"REDFISH UNSEPARATED",1.7541e+10,9240468784.85445,9240468784.85445
1988,"REDFISH UNSEPARATED",1.4732e+10,5397698166.07572,5182775034.09937
1989,"REDFISH UNSEPARATED",1.6033e+10,7002727926.68474,6234809291.24221
1990,"REDFISH UNSEPARATED",1.6515e+10,4438322654.57539,3549525620.89478
1991,"REDFISH UNSEPARATED",2.5064e+10,494429275.805931,343466984.065862
1992,"REDFISH UNSEPARATED",2.4971e+10,17019285629.1796,9910163036.80073
1993,"REDFISH UNSEPARATED",1.797e+10,2849146277.35499,1343641956.59704
1994,"REDFISH UNSEPARATED",1.6394e+10,3757058174.43015,1395513293.38984
1995,"REDFISH UNSEPARATED",8.135e+09,2943030215.84787,858927232.105608
1996,"REDFISH UNSEPARATED",3.891e+09,7352282639.05291,1768683607.53482
1997,"REDFISH UNSEPARATED",4.695e+09,5266083514.58687,1169440686.83684
1998,"REDFISH UNSEPARATED",2.353e+09,5968330891.46716,1394246822.9951
1999,"REDFISH UNSEPARATED",4.622e+09,6767013470.66568,1796745600.4184
2000,"REDFISH UNSEPARATED",3.091e+09,3647000251.0537,1114546261.18924
2001,"REDFISH UNSEPARATED",5.082e+09,2140943798.08312,729167138.152408
2002,"REDFISH UNSEPARATED",3.605e+09,1654030147.55015,593301915.587212
2003,"REDFISH UNSEPARATED",3.855e+09,1583306233.2371,562706932.638002
2004,"REDFISH UNSEPARATED",2.72e+09,1510117470.83063,506469924.060874
2005,"REDFISH UNSEPARATED",2.642e+09,1435478619.76727,445802128.289429
2006,"REDFISH UNSEPARATED",3.989e+09,1360262858.12312,397601985.519059
2007,"REDFISH UNSEPARATED",2.856e+09,1285201322.92774,366756704.503165
2008,"REDFISH UNSEPARATED",2.219e+09,1210900061.5183,348338618.437073
2009,"REDFISH UNSEPARATED",4.779e+09,1137857345.42951,334913467.708574
2010,"REDFISH UNSEPARATED",5.751e+09,1066478786.74761,321538657.199571
1970,"TURBOT, GREENLAND HALIBUT",1.7e+07,193725341.158167,193725341.158167
1971,"TURBOT, GREENLAND HALIBUT",2.1e+07,204401387.9124,204401387.9124
1972,"TURBOT, GREENLAND HALIBUT",1.1e+07,205010038.216027,205010038.216027
1973,"TURBOT, GREENLAND HALIBUT",1.1e+07,198544043.046019,198544043.046019
1974,"TURBOT, GREENLAND HALIBUT",3.5e+07,188010671.09413,188010671.09413
1975,"TURBOT, GREENLAND HALIBUT",2.9e+07,74375509.1060774,74375509.1060774
1976,"TURBOT, GREENLAND HALIBUT",6.3e+07,16901674.5898768,16901674.5898768
1977,"TURBOT, GREENLAND HALIBUT",2.06e+08,100574932.2167,100574932.2167
1978,"TURBOT, GREENLAND HALIBUT",5.04e+08,265289580.995722,265289580.995722
1979,"TURBOT, GREENLAND HALIBUT",8.79e+08,134797735.770105,134797735.770105
1980,"TURBOT, GREENLAND HALIBUT",2.3e+08,148460233.104137,148460233.104137
1981,"TURBOT, GREENLAND HALIBUT",1.11e+08,37501085.0331938,37501085.0331938
1982,"TURBOT, GREENLAND HALIBUT",3e+07,36458410.6067817,36458410.6067817
1983,"TURBOT, GREENLAND HALIBUT",1.5e+07,60853650.422964,60853650.422964
1984,"TURBOT, GREENLAND HALIBUT",1.6e+07,62338740.4521417,62338740.4521417
1985,"TURBOT, GREENLAND HALIBUT",1.5e+07,59940260.94732,59940260.94732
1986,"TURBOT, GREENLAND HALIBUT",1.2e+07,115705178.710186,115705178.710186
1987,"TURBOT, GREENLAND HALIBUT",2.4e+07,66590625.4847306,66590625.4847306
1988,"TURBOT, GREENLAND HALIBUT",2.7e+07,128150088.737314,122923942.659054
1989,"TURBOT, GREENLAND HALIBUT",2.9e+07,66369270.2611593,58697322.2313634
1990,"TURBOT, GREENLAND HALIBUT",1e+07,63381123.1841869,49667623.18761
1991,"TURBOT, GREENLAND HALIBUT",1.9e+07,201354454.738597,134501782.405218
1992,"TURBOT, GREENLAND HALIBUT",2.4e+07,125326458.194121,68836215.7767204
1993,"TURBOT, GREENLAND HALIBUT",2.2e+07,99775869.0581146,43280532.9656011
1994,"TURBOT, GREENLAND HALIBUT",3.7e+07,86213473.8766288,28406876.5444813
1995,"TURBOT, GREENLAND HALIBUT",2.4e+07,99512328.7303235,23999733.6044187
1996,"TURBOT, GREENLAND HALIBUT",2.1e+07,121845458.181126,20798976.7126349
1997,"TURBOT, GREENLAND HALIBUT",2.7e+07,52282551.1338503,6159687.6920956
1998,"TURBOT, GREENLAND HALIBUT",3.5e+07,86802522.09785,6972948.33085618
1999,"TURBOT, GREENLAND HALIBUT",5.3e+07,54832561.4196654,3050793.1508257
2000,"TURBOT, GREENLAND HALIBUT",5e+07,53679167.2648304,2161665.19507304
2001,"TURBOT, GREENLAND HALIBUT",4.8e+07,45584147.0426707,1414339.24096032
2002,"TURBOT, GREENLAND HALIBUT",5.4e+07,58394424.3732534,1479005.66387807
2003,"TURBOT, GREENLAND HALIBUT",6e+07,39321751.6866577,842086.138846889
2004,"TURBOT, GREENLAND HALIBUT",3.9e+07,20619684.4130827,373796.651006854
2005,"TURBOT, GREENLAND HALIBUT",7.2e+07,1897307.46396607,28361.2044550874
2006,"TURBOT, GREENLAND HALIBUT",5.8e+07,1928558.04213147,22888.4007819814
2007,"TURBOT, GREENLAND HALIBUT",6.6e+07,1954161.68434698,17856.976771717
2008,"TURBOT, GREENLAND HALIBUT",5.2e+07,1974506.82743577,13731.7247649655
2009,"TURBOT, GREENLAND HALIBUT",4.6e+07,1989937.05084349,10617.2718213982
2010,"TURBOT, GREENLAND HALIBUT",2.4e+07,2000764.41824547,8345.43245544711
1970,"HADDOCK",9.273e+09,1613944952.60508,1613944952.60508
1971,"HADDOCK",1.3318e+10,1982586346.35195,1982586346.35195
1972,"HADDOCK",4.688e+09,2396478333.9127,2396478333.9127
1973,"HADDOCK",4.391e+09,2858334944.78773,2858334944.78773
1974,"HADDOCK",2.326e+09,3357234978.49767,3357234978.49767
1975,"HADDOCK",1.832e+09,3878326233.87207,3878326233.87207
1976,"HADDOCK",1.348e+09,7462616670.34877,7462616670.34877
1977,"HADDOCK",3.24e+09,10969572345.0687,10969572345.0687
1978,"HADDOCK",5.883e+09,14034239533.2508,14034239533.2508
1979,"HADDOCK",3.374e+09,25543516029.8501,25543516029.8501
1980,"HADDOCK",1.4759e+10,18802444270.466,18802444270.466
1981,"HADDOCK",1.9832e+10,22102311527.6665,22102311527.6665
1982,"HADDOCK",1.5179e+10,15174776711.0085,15174776711.0085
1983,"HADDOCK",9.382e+09,10410829789.1579,10410829789.1579
1984,"HADDOCK",7.901e+09,9368402784.91181,9368402784.91181
1985,"HADDOCK",1.1166e+10,1175688991.29543,1175688991.29543
1986,"HADDOCK",1.639e+10,569528093.476884,569528093.476884
1987,"HADDOCK",3.439e+09,99963358.1979775,99963358.1979775
1988,"HADDOCK",4.171e+09,586566484.218147,562603843.52833
1989,"HADDOCK",9.048e+09,1167687498.0465,1032784713.30982
1990,"HADDOCK",6.976e+09,5421673219.54861,4261980467.84841
1991,"HADDOCK",5.214e+09,6506573664.00058,4392824678.69021
1992,"HADDOCK",6.072e+09,5564375330.24532,3126108618.13068
1993,"HADDOCK",1.26e+09,7721543463.49583,3510809238.42564
1994,"HADDOCK",9.6e+07,7070081004.53271,2550044680.1853
1995,"HADDOCK",1.2e+08,3813047631.93525,1081173949.76493
1996,"HADDOCK",2.02e+08,2079089501.745,464087392.858501
1997,"HADDOCK",1.28e+08,378126941.711131,67142116.5248142
1998,"HADDOCK",1.63e+08,130335537.999845,18660503.1445183
1999,"HADDOCK",7.8e+07,241212822.938249,28151544.9830425
2000,"HADDOCK",6.9e+07,192921220.830972,18417145.9479699
2001,"HADDOCK",1.08e+08,141498650.832083,11013429.1524741
2002,"HADDOCK",1.12e+08,1201310968.77393,75970488.2016288
2003,"HADDOCK",3.5e+07,1099862902.79236,56795557.6329623
2004,"HADDOCK",2.5e+07,994993677.688299,42621548.3282089
2005,"HADDOCK",1.2e+07,887551516.216434,32309871.7122483
2006,"HADDOCK",4.3e+07,778276985.985224,24608642.7008976
2007,"HADDOCK",4.3e+07,667786929.12823,18609095.0670066
2008,"HADDOCK",1e+07,556586060.552597,13781347.5442231
2009,"HADDOCK",9e+06,445082362.371399,9835388.37999574
2010,"HADDOCK",1.1e+07,333601351.225371,6602223.24799878
1970,"SILVER HAKE",1.64054e+11,52742571239.9491,52742571239.9491
1971,"SILVER HAKE",1.22452e+11,53641029127.8733,53641029127.8733
1972,"SILVER HAKE",1.08844e+11,46120717957.3652,46120717957.3652
1973,"SILVER HAKE",2.69445e+11,37382241866.2577,37382241866.2577
1974,"SILVER HAKE",8.7639e+10,33658343655.4271,33658343655.4271
1975,"SILVER HAKE",9.916e+10,12160291628.9393,12160291628.9393
1976,"SILVER HAKE",9.0579e+10,15976579226.5104,15976579226.5104
1977,"SILVER HAKE",3.1024e+10,19613531028.7537,19613531028.7537
1978,"SILVER HAKE",4.6226e+10,34871829198.3545,34871829198.3545
1979,"SILVER HAKE",5.0594e+10,59310566684.004,59310566684.004
1980,"SILVER HAKE",3.7971e+10,50626691660.5107,50626691660.5107
1981,"SILVER HAKE",4.1115e+10,29550364806.4832,29550364806.4832
1982,"SILVER HAKE",6.0135e+10,44198016424.8388,44198016424.8388
1983,"SILVER HAKE",3.4358e+10,130646780234.118,130646780234.118
1984,"SILVER HAKE",7.4259e+10,116282886652.176,116282886652.176
1985,"SILVER HAKE",7.5471e+10,33335657537.0923,33335657537.0923
1986,"SILVER HAKE",8.2466e+10,49695991853.865,49695991853.865
1987,"SILVER HAKE",6.1674e+10,24254615680.1794,24254615680.1794
1988,"SILVER HAKE",6.8455e+10,27881741966.6027,27032069285.737
1989,"SILVER HAKE",8.1672e+10,53141363358.3256,49178191879.3573
1990,"SILVER HAKE",6.6536e+10,28038214170.458,24983067123.5644
1991,"SILVER HAKE",5.5156e+10,20267090636.1909,18231566408.4792
1992,"SILVER HAKE",2.2601e+10,16883103018.4318,16775773811.4328
1993,"SILVER HAKE",1.8362e+10,21608449120.882,26200398761.0955
1994,"SILVER HAKE",7.93e+09,12282173141.3146,19696469374.3114
1995,"SILVER HAKE",1.6153e+10,26830683126.6285,57910348103.9946
1996,"SILVER HAKE",2.3469e+10,16584545072.3553,48710279253.1752
1997,"SILVER HAKE",1.3212e+10,9150053064.34965,38735989184.6338
1998,"SILVER HAKE",1.6509e+10,5936882415.96431,35600661466.5088
1999,"SILVER HAKE",9.017e+09,4870421878.74314,38106903990.0644
2000,"SILVER HAKE",7.729e+09,3948218116.10698,37223351069.7172
2001,"SILVER HAKE",9.638e+09,5258414383.16081,57053764664.3016
2002,"SILVER HAKE",1.3119e+10,2377624570.62213,30563874450.3734
2003,"SILVER HAKE",1.0301e+10,1975930902.6116,31735464283.268
2004,"SILVER HAKE",1.279e+10,1634212694.78745,32690129241.3517
2005,"SILVER HAKE",1.0825e+10,1351683301.95243,33048185983.2821
2006,"SILVER HAKE",1.2086e+10,1122200295.04867,32799960518.4362
2007,"SILVER HAKE",1.036e+10,937794651.270842,32121409007.6546
2008,"SILVER HAKE",1.1458e+10,790527101.034706,31207897872.615
2009,"SILVER HAKE",8.254e+09,673154552.81275,30220802931.7263
2010,"SILVER HAKE",8.044e+09,579452514.737301,29266649546.798
1970,"SPINY DOGFISH",1.2e+07,67231728.2025326,67231728.2025326
1971,"SPINY DOGFISH",0,66994605.8254529,66994605.8254529
1972,"SPINY DOGFISH",0,68466333.4418768,68466333.4418768
1973,"SPINY DOGFISH",3.25e+08,69946251.9924341,69946251.9924341
1974,"SPINY DOGFISH",1e+06,71368239.4385308,71368239.4385308
1975,"SPINY DOGFISH",1e+06,54958844.5502271,54958844.5502271
1976,"SPINY DOGFISH",0,38739791.3176606,38739791.3176606
1977,"SPINY DOGFISH",1.6e+07,22652317.9824981,22652317.9824981
1978,"SPINY DOGFISH",9e+06,9270149.77404167,9270149.77404167
1979,"SPINY DOGFISH",4.6e+07,18679653.0419797,18679653.0419797
1980,"SPINY DOGFISH",3.67e+08,49416395.6355128,49416395.6355128
1981,"SPINY DOGFISH",4.72e+08,30182116.1557032,30182116.1557032
1982,"SPINY DOGFISH",2.7e+07,14484719.2069729,14484719.2069729
1983,"SPINY DOGFISH",0,9785670.45070957,9785670.45070957
1984,"SPINY DOGFISH",1e+06,21709161.5258402,21709161.5258402
1985,"SPINY DOGFISH",2e+06,18276406.3741289,18276406.3741289
1986,"SPINY DOGFISH",2e+06,17034044.346154,17034044.346154
1987,"SPINY DOGFISH",5e+06,25472760.8688766,25472760.8688766
1988,"SPINY DOGFISH",0,2612649.24029814,2506400.11726928
1989,"SPINY DOGFISH",2.6e+07,3032381.1400575,2678605.42736018
1990,"SPINY DOGFISH",7e+07,10156589.0096262,7933288.73065403
1991,"SPINY DOGFISH",5e+06,24141873.2609919,16021068.2282882
1992,"SPINY DOGFISH",3e+06,34408426.179889,18650869.354711
1993,"SPINY DOGFISH",1.7e+07,19304043.1163195,8220480.1860924
1994,"SPINY DOGFISH",3e+07,1023759.42670941,329525.148929727
1995,"SPINY DOGFISH",1.7e+07,20542456.6343727,4809852.54562943
1996,"SPINY DOGFISH",0,29523187.3025989,4838587.9226452
1997,"SPINY DOGFISH",4.4e+07,2943585.00691728,324826.515360251
1998,"SPINY DOGFISH",2.4e+07,4366883.08388816,312013.561191213
1999,"SPINY DOGFISH",9.1e+07,3319870.2518364,147723.965950202
2000,"SPINY DOGFISH",3.2e+07,5437359.68706121,144978.49102179
2001,"SPINY DOGFISH",1.05e+08,9170225.48490698,141102.611096278
2002,"SPINY DOGFISH",2.29e+08,1601901.32121126,13720.8359086241
2003,"SPINY DOGFISH",0,1597317.18312206,7364.09512107435
2004,"SPINY DOGFISH",0,1591627.58312041,3832.03093086961
2005,"SPINY DOGFISH",0,1584838.46667905,1942.0707535668
2006,"SPINY DOGFISH",0,1576997.39786867,964.097582994703
2007,"SPINY DOGFISH",0,1568177.53909313,471.859150299862
2008,"SPINY DOGFISH",0,1558469.4781509,229.030567854117
2009,"SPINY DOGFISH",0,1547972.63531484,110.613161406404
2010,"SPINY DOGFISH",0,1536786.56630294,53.1140052728466
1970,"WHITE HAKE",1.013e+09,2386022523.69568,2386022523.69568
1971,"WHITE HAKE",2.015e+09,4240244603.46809,4240244603.46809
1972,"WHITE HAKE",1.768e+09,903142123.555807,903142123.555807
1973,"WHITE HAKE",1.869e+09,976174469.737649,976174469.737649
1974,"WHITE HAKE",1.696e+09,431154403.280502,431154403.280502
1975,"WHITE HAKE",1.657e+09,295289788.650666,295289788.650666
1976,"WHITE HAKE",1.178e+09,363507856.07808,363507856.07808
1977,"WHITE HAKE",1.288e+09,1138211707.88602,1138211707.88602
1978,"WHITE HAKE",1.232e+09,1480309570.70781,1480309570.70781
1979,"WHITE HAKE",8.87e+08,360800348.182733,360800348.182733
1980,"WHITE HAKE",1.296e+09,3764289506.64515,3764289506.64515
1981,"WHITE HAKE",1.199e+09,4242119259.724,4242119259.724
1982,"WHITE HAKE",1.227e+09,2472556050.59151,2472556050.59151
1983,"WHITE HAKE",1.346e+09,1611360788.20073,1611360788.20073
1984,"WHITE HAKE",1.23e+09,1133099962.63514,1133099962.63514
1985,"WHITE HAKE",1.997e+09,970579837.813197,970579837.813197
1986,"WHITE HAKE",2.347e+09,2162933843.42478,2162933843.42478
1987,"WHITE HAKE",2.947e+09,123929053.563446,123929053.563446
1988,"WHITE HAKE",1.501e+09,240616549.196216,230786290.929781
1989,"WHITE HAKE",1.715e+09,756479876.879978,668693635.593608
1990,"WHITE HAKE",1.741e+09,553024320.563349,433945200.278105
1991,"WHITE HAKE",1.517e+09,697705353.53069,469129223.803487
1992,"WHITE HAKE",1.272e+09,847981910.228493,473557061.599763
1993,"WHITE HAKE",1.177e+09,149016157.217571,67325343.7119171
1994,"WHITE HAKE",1.07e+09,11437827.4937447,4096057.24257123
1995,"WHITE HAKE",9.14e+08,5756624.81779348,1613026.54150155
1996,"WHITE HAKE",6.05e+08,18185317.5423958,3953282.10762649
1997,"WHITE HAKE",4.7e+08,15469722.4429099,2597184.35081414
1998,"WHITE HAKE",4.34e+08,12557262.4822417,1625964.29684326
1999,"WHITE HAKE",3.84e+08,12236789.0885663,1221138.08640279
2000,"WHITE HAKE",3.7e+08,11862936.6453209,910676.223728437
2001,"WHITE HAKE",3.77e+08,24717455.41321,1457355.72954237
2002,"WHITE HAKE",2.52e+08,2909197.30595059,132121.23582341
2003,"WHITE HAKE",2.22e+08,2938387.52049606,103997.73840683
2004,"WHITE HAKE",1.65e+08,2962358.58367055,83254.2776586155
2005,"WHITE HAKE",2.31e+08,2981538.16128247,67875.3105160391
2006,"WHITE HAKE",1.94e+08,2996411.83946101,56148.4770350626
2007,"WHITE HAKE",1.59e+08,3007428.09444389,46872.1948654303
2008,"WHITE HAKE",1.52e+08,3014983.83421736,39310.2514633552
2009,"WHITE HAKE",1.14e+08,3019425.61025339,33033.947395986
2010,"WHITE HAKE",1.53e+08,3021052.12000351,27781.3498223844
1970,"WITCH FLOUNDER",5.241e+09,5053562322.20136,5053562322.20136
1971,"WITCH FLOUNDER",1.6723e+10,5123945233.50545,5123945233.50545
1972,"WITCH FLOUNDER",1.0653e+10,7546206498.85108,7546206498.85108
1973,"WITCH FLOUNDER",1.3434e+10,5303723725.72228,5303723725.72228
1974,"WITCH FLOUNDER",6.917e+09,4542492701.99884,4542492701.99884
1975,"WITCH FLOUNDER",8.591e+09,3832043018.91183,3832043018.91183
1976,"WITCH FLOUNDER",5.401e+09,3587766137.29585,3587766137.29585
1977,"WITCH FLOUNDER",2.01e+09,1157230715.57697,1157230715.57697
1978,"WITCH FLOUNDER",2.103e+09,2079892283.08003,2079892283.08003
1979,"WITCH FLOUNDER",1.781e+09,2276823347.23628,2276823347.23628
1980,"WITCH FLOUNDER",1.99e+09,3586933243.23332,3586933243.23332
1981,"WITCH FLOUNDER",1.279e+09,1942965270.99742,1942965270.99742
1982,"WITCH FLOUNDER",8.9e+08,1532285811.09965,1532285811.09965
1983,"WITCH FLOUNDER",1.004e+09,1766428104.1027,1766428104.1027
1984,"WITCH FLOUNDER",1.34e+09,2845658254.78732,2845658254.78732
1985,"WITCH FLOUNDER",1.746e+09,4645682153.87946,4645682153.87946
1986,"WITCH FLOUNDER",2.383e+09,6516727316.75171,6516727316.75171
1987,"WITCH FLOUNDER",2.725e+09,8600061673.59863,8600061673.59863
1988,"WITCH FLOUNDER",2.406e+09,9017961743.37374,8675794499.08109
1989,"WITCH FLOUNDER",1.765e+09,7617054548.8816,6853697819.65272
1990,"WITCH FLOUNDER",1.337e+09,6982126152.89916,5740845014.21736
1991,"WITCH FLOUNDER",1.336e+09,6671534256.06802,4894483205.70992
1992,"WITCH FLOUNDER",1.032e+09,6152681270.11889,3949947164.11
1993,"WITCH FLOUNDER",5.32e+08,788638289.014358,447537922.288143
1994,"WITCH FLOUNDER",2.78e+08,18172445.8887744,9813727.92150096
1995,"WITCH FLOUNDER",3.15e+08,21212037.7138116,12646931.7942235
1996,"WITCH FLOUNDER",3.86e+08,17953560.1092262,13768648.5541564
1997,"WITCH FLOUNDER",3.62e+08,9049068.96654242,9539051.14207877
1998,"WITCH FLOUNDER",4.53e+08,15140388.0021469,21449163.7923575
1999,"WITCH FLOUNDER",2.46e+08,16409568.5993763,29414930.1503375
2000,"WITCH FLOUNDER",2.57e+08,13543466.9012735,28698880.945229
2001,"WITCH FLOUNDER",2.68e+08,53325354.6728929,124476071.342549
2002,"WITCH FLOUNDER",3.27e+08,6094502.43702123,14641633.1780317
2003,"WITCH FLOUNDER",4.93e+08,2891061.13620263,6763730.4551149
2004,"WITCH FLOUNDER",2.81e+08,NA,NA
2005,"WITCH FLOUNDER",3.65e+08,124731.759028027,261752.459662725
2006,"WITCH FLOUNDER",3.22e+08,233570.596188333,479986.546174131
2007,"WITCH FLOUNDER",3.49e+08,326736.355612659,679222.105978881
2008,"WITCH FLOUNDER",2.63e+08,227672.585805877,487224.684297058
2009,"WITCH FLOUNDER",1.4e+08,140511.038282353,310573.823702537
2010,"WITCH FLOUNDER",1.52e+08,64812.1605686472,147531.933222691
1970,"YELLOWTAIL FLOUNDER",3.356e+09,2549425762.92549,2549425762.92549
1971,"YELLOWTAIL FLOUNDER",1.557e+09,2680561105.5527,2680561105.5527
1972,"YELLOWTAIL FLOUNDER",1.321e+09,4107167296.33153,4107167296.33153
1973,"YELLOWTAIL FLOUNDER",1.374e+09,3686284914.98717,3686284914.98717
1974,"YELLOWTAIL FLOUNDER",7.03e+08,3269354278.27326,3269354278.27326
1975,"YELLOWTAIL FLOUNDER",1.357e+09,2625378942.07084,2625378942.07084
1976,"YELLOWTAIL FLOUNDER",6.74e+08,2309315202.26661,2309315202.26661
1977,"YELLOWTAIL FLOUNDER",1.141e+09,775165431.961404,775165431.961404
1978,"YELLOWTAIL FLOUNDER",1.241e+09,1206233411.89169,1206233411.89169
1979,"YELLOWTAIL FLOUNDER",1.799e+09,1416439970.13569,1416439970.13569
1980,"YELLOWTAIL FLOUNDER",2.236e+09,2618901549.87616,2618901549.87616
1981,"YELLOWTAIL FLOUNDER",2.662e+09,2135058509.81651,2135058509.81651
1982,"YELLOWTAIL FLOUNDER",2.411e+09,1955220044.40558,1955220044.40558
1983,"YELLOWTAIL FLOUNDER",2.102e+09,1808574889.75601,1808574889.75601
1984,"YELLOWTAIL FLOUNDER",2.29e+09,1683583500.08386,1683583500.08386
1985,"YELLOWTAIL FLOUNDER",9.47e+08,1575415901.76605,1575415901.76605
1986,"YELLOWTAIL FLOUNDER",6.94e+08,1475054145.65615,1475054145.65615
1987,"YELLOWTAIL FLOUNDER",1.041e+09,1514662141.07672,1514662141.07672
1988,"YELLOWTAIL FLOUNDER",9.89e+08,1437557761.4925,1379269073.94845
1989,"YELLOWTAIL FLOUNDER",1.459e+09,1228768242.41955,1086726518.62585
1990,"YELLOWTAIL FLOUNDER",2.931e+09,1219629896.41892,956453738.803115
1991,"YELLOWTAIL FLOUNDER",1.371e+09,1361541325.66683,911642060.877849
1992,"YELLOWTAIL FLOUNDER",1.374e+09,1578506754.35319,870345310.087086
1993,"YELLOWTAIL FLOUNDER",1.65e+09,271240477.313665,119211508.554958
1994,"YELLOWTAIL FLOUNDER",1.036e+09,6367461.06309461,2175288.58937437
1995,"YELLOWTAIL FLOUNDER",7.34e+08,7214374.74135276,1894758.8986216
1996,"YELLOWTAIL FLOUNDER",3.9e+08,5991638.18294043,1218014.28805284
1997,"YELLOWTAIL FLOUNDER",7.7e+07,2994773.93137502,482014.464070859
1998,"YELLOWTAIL FLOUNDER",3.2e+07,5013585.82000714,659454.391727541
1999,"YELLOWTAIL FLOUNDER",4.7e+07,5480056.31219894,608532.91330665
2000,"YELLOWTAIL FLOUNDER",6e+06,4586918.11054613,439567.676390036
2001,"YELLOWTAIL FLOUNDER",8e+06,18388248.531415,1532062.49209173
2002,"YELLOWTAIL FLOUNDER",1.3e+08,2153797.74692514,156059.239767012
2003,"YELLOWTAIL FLOUNDER",0,1045877.44310515,66209.0764426315
2004,"YELLOWTAIL FLOUNDER",1e+06,NA,NA
2005,"YELLOWTAIL FLOUNDER",0,47594.2675965637,2442.05548837929
2006,"YELLOWTAIL FLOUNDER",1.22e+08,91826.8954157869,4389.05047764115
2007,"YELLOWTAIL FLOUNDER",0,132628.686560817,5969.58075431004
2008,"YELLOWTAIL FLOUNDER",2e+06,95616.0356382506,4068.59258575856
2009,"YELLOWTAIL FLOUNDER",3e+06,61176.1231272353,2463.91883578977
2010,"YELLOWTAIL FLOUNDER",0,29312.3050120984,1119.47504890679
